{"cameraMode":{"drawMode":0,"name":"Shaded","section":"Shading Mode"},"sceneLighting":true,"audioPlay":false,"sceneViewState":{"showFog":true,"showMaterialUpdate":false,"showSkybox":true,"showFlares":true,"showImageEffects":true,"showParticleSystems":true},"in2DMode":false,"pivot":{"x":-3.7830123901367189,"y":-2.1407675743103029,"z":3.084096908569336},"rotation":{"x":-0.1613304316997528,"y":-0.6008781790733337,"z":0.12544238567352296,"w":-0.7727809548377991},"size":18.03968620300293,"orthographic":false}